Ticker,Total_Return,CAGR,Volatility,Max_Drawdown,Pct_Time_Above_200EMA,Longest_Uptrend_Days,Trend_Breaks,EMA200_Slope,MACD_Positive_%,RSI_Mean,RSI_Floor_10pct,ADX_Mean,ADX_Strong_%
ABB,3.369031293520657,0.34414549609689793,0.321310451191298,-0.45209502212993885,0.7799352750809061,452,8,5.213229419138916,0.6116504854368932,53.3967882347203,36.4624818127408,31.998684809453234,0.6885113268608414
ADANIENSOL,0.21574380304019414,0.08650871461095977,0.5049506005505555,-0.5288974098156709,0.5882352941176471,124,18,-0.014993391587370751,0.45501730103806226,50.95824916562108,36.99474129951151,30.35976588033091,0.6885813148788927
ADANIGREEN,-0.020327529466221184,-0.004110764713557424,0.516462569206456,-0.8444032949984743,0.5064724919093851,214,20,0.01641850178385911,0.5574433656957929,51.135684873271664,35.26614377721292,36.63940790096931,0.8786407766990292
ADANIPOWER,13.358208986382765,0.7064251579180716,0.5282954634604045,-0.6778034585059726,0.7839805825242718,328,16,0.10822971938807402,0.6367313915857605,53.61826623235225,38.32487057602929,32.43289846965282,0.662621359223301
AMBUJACEM,1.295984024679674,0.1814134457709764,0.3296427823181297,-0.4387069774533334,0.7046925566343042,218,27,0.28881191392877625,0.5849514563106796,52.34640416562644,36.58635753133297,36.59983377988161,0.8147249190938511
BAJAJHFL,-0.4190909183386601,-0.3485060550040785,0.322312637245753,-0.48402203016044604,0.006289308176100629,2,1,-0.15600228719275025,0.2138364779874214,47.81579854218829,31.18943195931047,35.515660629336544,0.9968553459119497
BAJAJHLDNG,2.9625404841631444,0.3180732246187299,0.30189154803195817,-0.2837200732208962,0.93042071197411,332,15,7.953549853156102,0.6658576051779935,53.747252685892875,40.009464173447085,26.941590394302548,0.5509708737864077
BANKBARODA,4.287553955867126,0.39658700172060124,0.36295578858016175,-0.3418713725161349,0.8843042071197411,522,24,0.1878042851061831,0.6480582524271845,54.13699975052541,39.33513027915142,34.283431399908935,0.8268608414239482
BOSCHLTD,2.037347797921376,0.24961754522679191,0.2525834519172444,-0.32511164769132184,0.8218623481781376,544,18,19.81947994568956,0.6121457489878542,53.556917040002055,36.35078650715994,30.827401192674934,0.6356275303643725
BPCL,1.7798158774595194,0.22760663952651794,0.2775917297011644,-0.345887796922277,0.691747572815534,255,29,0.14628776511229497,0.5800970873786407,52.564529650027076,37.20204776807009,32.66979275715349,0.7702265372168284
BRITANNIA,0.8223529556848406,0.12791606249820897,0.20039019836960498,-0.2902319760455702,0.7224919093851133,290,25,2.192805949151445,0.5647249190938511,52.17554917245553,35.696578376976184,33.427650009519475,0.7443365695792881
CANBK,5.859080733813281,0.47141567780048943,0.3592272458090669,-0.35208893818872594,0.8656957928802589,476,18,0.08287001722273982,0.6642394822006472,55.21630288565794,39.78282048050658,33.94807278875792,0.7411003236245954
CGPOWER,13.873244022846341,0.7185301552142602,0.37629412318707534,-0.3689033935060039,0.8980582524271845,964,10,0.6265399304591056,0.6812297734627831,55.075703431568066,39.32450936236389,31.214940175006944,0.6472491909385113
CHOLAFIN,3.3989179835566894,0.3459847216268026,0.35279223867635046,-0.28667586958658303,0.8818770226537217,214,27,1.0085580485662822,0.6302588996763754,53.35612026689553,38.88378372284369,32.70983818793765,0.7572815533980582
DIVISLAB,0.7728486359733493,0.12170257576802568,0.26851627777309117,-0.48402240483989895,0.6440129449838188,251,26,1.4560338420652923,0.5752427184466019,52.82519817285776,36.55527604869233,33.05891704259209,0.8001618122977346
DLF,2.0836544120103904,0.2534157234849712,0.34773155441191583,-0.3551015335290469,0.7394822006472492,381,27,0.5447812014339222,0.580906148867314,52.91016729254045,37.19880658033193,36.48052650061403,0.8155339805825242
DMART,0.42949960835394885,0.0743017624880915,0.28571560525719303,-0.39317208778469126,0.6084142394822006,187,34,0.9475539294622091,0.5331715210355987,51.09074682534801,33.46190085682075,32.587906655277195,0.6658576051779935
ENRIN,-0.05177334466407679,-0.09862681855304245,0.3021188878559887,-0.28090949609212557,0.875,112,2,3.1564503353433118,0.6015625,44.58525437303364,27.695149675523705,44.97552737607577,0.9609375
GAIL,1.6194039369074442,0.2130581872616062,0.31406854701942344,-0.34032691022768224,0.7297734627831716,426,28,0.11896117466178431,0.6213592233009708,52.8026177598654,38.07171975822587,33.038630136141265,0.7985436893203883
GODREJCP,0.7065335480168702,0.1131579823138078,0.27599861114190144,-0.41015167660900187,0.6650485436893204,227,26,0.4733429013391026,0.5598705501618123,52.30189883604851,36.43902419640458,30.326235402785937,0.6367313915857605
HAL,10.702004412873222,0.6378269651875408,0.3386310669542891,-0.4451862125200011,0.9296116504854369,958,6,4.059581250677566,0.6933656957928802,56.31064528137321,39.17412896447562,31.16513693791081,0.6302588996763754
HAVELLS,0.627866046801574,0.10267049414140805,0.26937959254454685,-0.3282781807798665,0.6011326860841424,179,36,0.6032265424866836,0.5355987055016181,51.98096222866319,36.193137996408986,34.108295116176826,0.7605177993527508
HINDZINC,2.7904917527760116,0.3063898295502232,0.3707861254232769,-0.4797485448074913,0.767799352750809,232,26,0.2818888293776222,0.5566343042071198,52.00007230900082,37.657929557025724,32.39381159884338,0.7394822006472492
HYUNDAI,0.28430259751035947,0.23866134426194585,0.2968890521333753,-0.19314423102743664,0.6757679180887372,157,11,1.3866279621122901,0.5119453924914675,56.10416724003664,38.56575606745984,34.120576139934876,0.6860068259385665
ICICIGI,0.35946594794603626,0.06353201495217053,0.24395432088483734,-0.34607976553641584,0.5760517799352751,365,40,0.43718199960083765,0.5169902912621359,51.340976076283745,35.89600833767338,30.95124804471216,0.7216828478964401
INDHOTEL,5.275801125553175,0.4454190544990815,0.3317217631458374,-0.28230393111285723,0.8940129449838188,983,15,0.6051559767305188,0.6440129449838188,54.56604327687604,40.13544783361888,32.870321731993236,0.7451456310679612
IOC,2.9713942527397115,0.3186634076885635,0.2719312042645751,-0.38547523675688733,0.7993527508090615,471,15,0.09743916704970579,0.6092233009708737,53.84363686929855,37.902255470926804,31.92730212477389,0.7055016181229773
IRFC,4.820572351209463,0.4327773712394929,0.4063093505407977,-0.4841034266193864,0.5910964550700742,371,24,0.13446136397909236,0.5383347073371806,52.069126109471654,34.528933178190385,32.7663257709006,0.6982687551525144
JINDALSTEL,2.843948165762239,0.310064537996954,0.3677571285265992,-0.46174718837371675,0.8446601941747572,235,32,0.6410482414431062,0.6537216828478964,52.750913339944745,37.43761702631007,33.234384039603896,0.7985436893203883
JSWENERGY,6.25163450552783,0.4879327884350759,0.4551552427767906,-0.5062951856037345,0.6593851132686084,369,18,0.4509210584607764,0.6286407766990292,52.60254814187959,36.22780851660057,32.29111125486,0.7233009708737864
LICI,0.006528019507068938,0.001807566529236082,0.2873841925116191,-0.3917586786709408,0.46308724832214765,211,18,0.28919337145868307,0.4854586129753915,49.00433060747314,31.511405124646558,34.87404909013672,0.6946308724832215
LODHA,3.684547269824555,0.3910286466125963,0.4568709858457462,-0.517176629473627,0.6847545219638242,305,36,0.9935742196448853,0.6167097329888027,53.33703941884026,37.252409712732735,31.829995140842,0.7545219638242894
LTIM,0.8078438642002235,0.12610909099505574,0.3101458704169616,-0.49433663896914937,0.6375404530744336,200,28,1.2093694877554497,0.580906148867314,52.541886453370026,34.22604408581254,33.80237450874502,0.7184466019417476
MAZDOCK,24.632654903347092,0.9167745629047743,0.5127023283985034,-0.36982777947301093,0.8940129449838188,413,29,2.3390072007696467,0.5800970873786407,53.52083663376421,37.68886502261935,28.622065803496557,0.587378640776699
MOTHERSON,1.8339144830210272,0.23236171292175078,0.3749107966899748,-0.5059812232554319,0.6472491909385113,237,25,0.050552060634896326,0.5938511326860841,52.16858199937767,34.89910043610323,33.52658842112511,0.7378640776699029
NAUKRI,0.502095677508628,0.08502914569324327,0.35330479130739606,-0.5184846721466845,0.5355987055016181,292,34,0.4251101892279838,0.5323624595469255,52.146625365782,37.86800501098843,34.34382165677147,0.848705501618123
PFC,4.455846390980424,0.4053914470588469,0.3604911659728405,-0.3762888460365567,0.6909385113268608,477,31,0.38147586743037454,0.6205501618122977,53.63139884480265,36.75548476682354,33.15407781019145,0.7427184466019418
PIDILITIND,0.7045089458263911,0.11289296881193578,0.21065971118572682,-0.2726230798334953,0.698220064724919,236,36,0.5354178599149433,0.5614886731391586,52.219875733999096,36.52711347688266,32.18638638958836,0.7338187702265372
PNB,3.021630092552204,0.32199230255743894,0.36376833990641977,-0.38552917751733173,0.7192556634304207,352,24,0.07923619378667895,0.5720064724919094,53.63079673389311,38.371662312822934,34.04596737605193,0.7330097087378641
RECLTD,4.034609937784334,0.38292275802207554,0.36407951601730804,-0.4491551181543902,0.6423948220064725,509,17,0.4034269597120004,0.5703883495145631,53.782667227191354,38.300103311719056,32.85092922971674,0.6998381877022654
SHREECEM,0.11643514918692177,0.022337476525757793,0.2544913186095139,-0.42938230778123077,0.6080971659919029,165,38,2.374028430871821,0.5198380566801619,50.5723409108412,35.17481599850023,34.00255070275269,0.8170040485829959
SIEMENS,2.484735785466572,0.28453691515369295,0.29178113575062775,-0.4190319624317666,0.7977346278317152,360,9,2.5615704937136745,0.6456310679611651,54.67614943324812,38.638112543838304,32.43080678981399,0.7686084142394822
SOLARINDS,10.724896985086012,0.6384691252589199,0.35819620361003257,-0.33065994016959466,0.9385113268608414,624,12,10.34916199305552,0.6262135922330098,56.42639435211395,39.71415698298506,26.694740128897116,0.4627831715210356
TATAPOWER,4.153406672266976,0.3894069955526116,0.3457892895285915,-0.36017154859280237,0.7580906148867314,363,24,0.29448073169234557,0.6423948220064725,53.267719728820346,39.35295600044511,34.29422913305873,0.75
TORNTPHARM,1.9140266841577582,0.23927170707689127,0.23758491619928296,-0.22890584724035015,0.8131067961165048,467,18,1.953154534743729,0.6901294498381877,54.11821386834933,38.32399983762138,28.45218100794888,0.5768608414239482
TVSMOTOR,6.823331979568798,0.5107530761790413,0.2811593443947629,-0.29648312408031363,0.9118122977346278,645,14,2.2055345198798895,0.7079288025889967,56.82610288291583,40.21620743030228,29.02051963329644,0.6432038834951457
UNITDSPR,0.24659409589461379,0.15113203538094244,0.23832906800381626,-0.23931779952986101,0.6701030927835051,151,9,0.5837281566945907,0.6211340206185567,51.55266376040023,35.51097392695499,34.7099363416809,0.7577319587628866
VBL,5.118761498005034,0.4380907742207869,0.34797972756412143,-0.35261341159249177,0.7928802588996764,851,11,0.49960915300835723,0.7313915857605178,54.93750572179977,40.91281597587546,32.38340611007076,0.6957928802588996
VEDL,6.359923578452739,0.49236311156048984,0.3719684803852728,-0.47005289659598937,0.8438511326860841,316,20,0.29347018216348103,0.7281553398058253,54.2009846823536,38.77312803731326,35.22693705383155,0.8470873786407767
ZYDUSLIFE,0.9724555679034363,0.14596551498998345,0.2558708443267381,-0.5006527659900066,0.6011326860841424,469,26,0.5302773793919595,0.5218446601941747,51.626150977325686,33.691911447994386,34.687205312192866,0.732200647249191
